{
	"info": {
		"_postman_id": "554d73d2-ac4a-43d5-a335-fe52a26f95d9",
		"name": "클라우드 메모장 API",
		"schema": "https://schema.getpostman.com/json/collection/v2.1.0/collection.json"
	},
	"item": [
		{
			"name": "모든 메모 가져오는 API",
			"protocolProfileBehavior": {
				"disableBodyPruning": true
			},
			"request": {
				"method": "GET",
				"header": [],
				"body": {
					"mode": "raw",
					"raw": "",
					"options": {
						"raw": {
							"language": "json"
						}
					}
				},
				"url": {
					"raw": "{{url}}/",
					"host": [
						"{{url}}"
					],
					"path": [
						""
					]
				}
			},
			"response": [
				{
					"name": "모든 메모 가져오는 API",
					"originalRequest": {
						"method": "GET",
						"header": [],
						"body": {
							"mode": "raw",
							"raw": "",
							"options": {
								"raw": {
									"language": "json"
								}
							}
						},
						"url": {
							"raw": "{{url}}/",
							"host": [
								"{{url}}"
							],
							"path": [
								""
							]
						}
					},
					"status": "OK",
					"code": 200,
					"_postman_previewlanguage": "json",
					"header": [
						{
							"key": "X-Powered-By",
							"value": "Express"
						},
						{
							"key": "Content-Type",
							"value": "application/json; charset=utf-8"
						},
						{
							"key": "Content-Length",
							"value": "84"
						},
						{
							"key": "ETag",
							"value": "W/\"54-1TcSaOKCYSrBlSj2lZvrM6b4+Lg\""
						},
						{
							"key": "Date",
							"value": "Sat, 07 May 2022 09:56:37 GMT"
						},
						{
							"key": "Connection",
							"value": "keep-alive"
						},
						{
							"key": "Keep-Alive",
							"value": "timeout=5"
						}
					],
					"cookie": [],
					"body": "[\n    {\n        \"content\": \"hello\",\n        \"created_at\": 1651917393703,\n        \"updated_at\": null,\n        \"deleted_at\": null\n    }\n]"
				}
			]
		},
		{
			"name": "상세  메모 가져오는 API",
			"protocolProfileBehavior": {
				"disableBodyPruning": true
			},
			"request": {
				"method": "GET",
				"header": [],
				"body": {
					"mode": "raw",
					"raw": "",
					"options": {
						"raw": {
							"language": "json"
						}
					}
				},
				"url": {
					"raw": "{{url}}/:id",
					"host": [
						"{{url}}"
					],
					"path": [
						":id"
					],
					"variable": [
						{
							"key": "id",
							"value": "0"
						}
					]
				}
			},
			"response": [
				{
					"name": "이미 제거된 메모",
					"originalRequest": {
						"method": "GET",
						"header": [],
						"body": {
							"mode": "raw",
							"raw": "",
							"options": {
								"raw": {
									"language": "json"
								}
							}
						},
						"url": {
							"raw": "{{url}}/:id",
							"host": [
								"{{url}}"
							],
							"path": [
								":id"
							],
							"variable": [
								{
									"key": "id",
									"value": "0"
								}
							]
						}
					},
					"status": "Not Found",
					"code": 404,
					"_postman_previewlanguage": "json",
					"header": [
						{
							"key": "X-Powered-By",
							"value": "Express"
						},
						{
							"key": "Content-Type",
							"value": "application/json; charset=utf-8"
						},
						{
							"key": "Content-Length",
							"value": "43"
						},
						{
							"key": "ETag",
							"value": "W/\"2b-6ZPCKA4hbzHWTja9zI+Xm/7gV/o\""
						},
						{
							"key": "Date",
							"value": "Sat, 07 May 2022 09:57:05 GMT"
						},
						{
							"key": "Connection",
							"value": "keep-alive"
						},
						{
							"key": "Keep-Alive",
							"value": "timeout=5"
						}
					],
					"cookie": [],
					"body": "{\n    \"msg\": \"이미 제거된 메모입니다.\"\n}"
				},
				{
					"name": "정상적인 메모",
					"originalRequest": {
						"method": "GET",
						"header": [],
						"body": {
							"mode": "raw",
							"raw": "",
							"options": {
								"raw": {
									"language": "json"
								}
							}
						},
						"url": {
							"raw": "{{url}}/:id",
							"host": [
								"{{url}}"
							],
							"path": [
								":id"
							],
							"variable": [
								{
									"key": "id",
									"value": "2"
								}
							]
						}
					},
					"status": "OK",
					"code": 200,
					"_postman_previewlanguage": "json",
					"header": [
						{
							"key": "X-Powered-By",
							"value": "Express"
						},
						{
							"key": "Content-Type",
							"value": "application/json; charset=utf-8"
						},
						{
							"key": "Content-Length",
							"value": "82"
						},
						{
							"key": "ETag",
							"value": "W/\"52-3O3b4XyTyXc54tD2Lhi+Cc14zmg\""
						},
						{
							"key": "Date",
							"value": "Sat, 07 May 2022 09:57:22 GMT"
						},
						{
							"key": "Connection",
							"value": "keep-alive"
						},
						{
							"key": "Keep-Alive",
							"value": "timeout=5"
						}
					],
					"cookie": [],
					"body": "{\n    \"content\": \"hello\",\n    \"created_at\": 1651917393703,\n    \"updated_at\": null,\n    \"deleted_at\": null\n}"
				},
				{
					"name": "잘 못 된 id",
					"originalRequest": {
						"method": "GET",
						"header": [],
						"body": {
							"mode": "raw",
							"raw": "",
							"options": {
								"raw": {
									"language": "json"
								}
							}
						},
						"url": {
							"raw": "{{url}}/:id",
							"host": [
								"{{url}}"
							],
							"path": [
								":id"
							],
							"variable": [
								{
									"key": "id",
									"value": "-50"
								}
							]
						}
					},
					"status": "Bad Request",
					"code": 400,
					"_postman_previewlanguage": "json",
					"header": [
						{
							"key": "X-Powered-By",
							"value": "Express"
						},
						{
							"key": "Content-Type",
							"value": "application/json; charset=utf-8"
						},
						{
							"key": "Content-Length",
							"value": "34"
						},
						{
							"key": "ETag",
							"value": "W/\"22-6XeLRgsFGDbKsT3r/0tpUt10eSs\""
						},
						{
							"key": "Date",
							"value": "Sat, 07 May 2022 09:57:48 GMT"
						},
						{
							"key": "Connection",
							"value": "keep-alive"
						},
						{
							"key": "Keep-Alive",
							"value": "timeout=5"
						}
					],
					"cookie": [],
					"body": "{\n    \"msg\": \"잘 못 된 id입니다.\"\n}"
				}
			]
		},
		{
			"name": "메모 생성 API",
			"request": {
				"method": "POST",
				"header": [],
				"body": {
					"mode": "raw",
					"raw": "{\r\n    \"content\":\"hello\"\r\n}",
					"options": {
						"raw": {
							"language": "json"
						}
					}
				},
				"url": {
					"raw": "{{url}}/",
					"host": [
						"{{url}}"
					],
					"path": [
						""
					]
				}
			},
			"response": [
				{
					"name": "정상적인 메모 생성",
					"originalRequest": {
						"method": "POST",
						"header": [],
						"body": {
							"mode": "raw",
							"raw": "{\r\n    \"content\":\"hello\"\r\n}",
							"options": {
								"raw": {
									"language": "json"
								}
							}
						},
						"url": {
							"raw": "{{url}}/",
							"host": [
								"{{url}}"
							],
							"path": [
								""
							]
						}
					},
					"status": "OK",
					"code": 200,
					"_postman_previewlanguage": "json",
					"header": [
						{
							"key": "X-Powered-By",
							"value": "Express"
						},
						{
							"key": "Content-Type",
							"value": "application/json; charset=utf-8"
						},
						{
							"key": "Content-Length",
							"value": "82"
						},
						{
							"key": "ETag",
							"value": "W/\"52-3O3b4XyTyXc54tD2Lhi+Cc14zmg\""
						},
						{
							"key": "Date",
							"value": "Sat, 07 May 2022 09:56:33 GMT"
						},
						{
							"key": "Connection",
							"value": "keep-alive"
						},
						{
							"key": "Keep-Alive",
							"value": "timeout=5"
						}
					],
					"cookie": [],
					"body": "{\n    \"content\": \"hello\",\n    \"created_at\": 1651917393703,\n    \"updated_at\": null,\n    \"deleted_at\": null\n}"
				},
				{
					"name": "body에 이상이 있는 경우",
					"originalRequest": {
						"method": "POST",
						"header": [],
						"body": {
							"mode": "raw",
							"raw": "{\r\n    \"content1\":\"hello\"\r\n}",
							"options": {
								"raw": {
									"language": "json"
								}
							}
						},
						"url": {
							"raw": "{{url}}/",
							"host": [
								"{{url}}"
							],
							"path": [
								""
							]
						}
					},
					"status": "Bad Request",
					"code": 400,
					"_postman_previewlanguage": "json",
					"header": [
						{
							"key": "X-Powered-By",
							"value": "Express"
						},
						{
							"key": "Content-Type",
							"value": "application/json; charset=utf-8"
						},
						{
							"key": "Content-Length",
							"value": "47"
						},
						{
							"key": "ETag",
							"value": "W/\"2f-/pqH7qQKQM6gehWYEez4BOplA78\""
						},
						{
							"key": "Date",
							"value": "Sat, 07 May 2022 09:58:23 GMT"
						},
						{
							"key": "Connection",
							"value": "keep-alive"
						},
						{
							"key": "Keep-Alive",
							"value": "timeout=5"
						}
					],
					"cookie": [],
					"body": "{\n    \"msg\": \"content가 올바르지 않습니다.\"\n}"
				}
			]
		},
		{
			"name": "메모 제거 API",
			"request": {
				"method": "DELETE",
				"header": [],
				"url": {
					"raw": "{{url}}/:id",
					"host": [
						"{{url}}"
					],
					"path": [
						":id"
					],
					"variable": [
						{
							"key": "id",
							"value": "2"
						}
					]
				}
			},
			"response": [
				{
					"name": "이미 제거된 메모",
					"originalRequest": {
						"method": "DELETE",
						"header": [],
						"url": {
							"raw": "{{url}}/:id",
							"host": [
								"{{url}}"
							],
							"path": [
								":id"
							],
							"variable": [
								{
									"key": "id",
									"value": "0"
								}
							]
						}
					},
					"status": "Not Found",
					"code": 404,
					"_postman_previewlanguage": "json",
					"header": [
						{
							"key": "X-Powered-By",
							"value": "Express"
						},
						{
							"key": "Content-Type",
							"value": "application/json; charset=utf-8"
						},
						{
							"key": "Content-Length",
							"value": "43"
						},
						{
							"key": "ETag",
							"value": "W/\"2b-6ZPCKA4hbzHWTja9zI+Xm/7gV/o\""
						},
						{
							"key": "Date",
							"value": "Sat, 07 May 2022 09:59:09 GMT"
						},
						{
							"key": "Connection",
							"value": "keep-alive"
						},
						{
							"key": "Keep-Alive",
							"value": "timeout=5"
						}
					],
					"cookie": [],
					"body": "{\n    \"msg\": \"이미 제거된 메모입니다.\"\n}"
				},
				{
					"name": "잘 못 된 id",
					"originalRequest": {
						"method": "DELETE",
						"header": [],
						"url": {
							"raw": "{{url}}/:id",
							"host": [
								"{{url}}"
							],
							"path": [
								":id"
							],
							"variable": [
								{
									"key": "id",
									"value": "-1"
								}
							]
						}
					},
					"status": "Bad Request",
					"code": 400,
					"_postman_previewlanguage": "json",
					"header": [
						{
							"key": "X-Powered-By",
							"value": "Express"
						},
						{
							"key": "Content-Type",
							"value": "application/json; charset=utf-8"
						},
						{
							"key": "Content-Length",
							"value": "34"
						},
						{
							"key": "ETag",
							"value": "W/\"22-6XeLRgsFGDbKsT3r/0tpUt10eSs\""
						},
						{
							"key": "Date",
							"value": "Sat, 07 May 2022 09:59:27 GMT"
						},
						{
							"key": "Connection",
							"value": "keep-alive"
						},
						{
							"key": "Keep-Alive",
							"value": "timeout=5"
						}
					],
					"cookie": [],
					"body": "{\n    \"msg\": \"잘 못 된 id입니다.\"\n}"
				},
				{
					"name": "정상적으로 제거된 메모",
					"originalRequest": {
						"method": "DELETE",
						"header": [],
						"url": {
							"raw": "{{url}}/:id",
							"host": [
								"{{url}}"
							],
							"path": [
								":id"
							],
							"variable": [
								{
									"key": "id",
									"value": "2"
								}
							]
						}
					},
					"status": "OK",
					"code": 200,
					"_postman_previewlanguage": "json",
					"header": [
						{
							"key": "X-Powered-By",
							"value": "Express"
						},
						{
							"key": "Content-Type",
							"value": "application/json; charset=utf-8"
						},
						{
							"key": "Content-Length",
							"value": "91"
						},
						{
							"key": "ETag",
							"value": "W/\"5b-QV0TZZ8TEypGk+F1tJSNX1cgJYk\""
						},
						{
							"key": "Date",
							"value": "Sat, 07 May 2022 10:00:12 GMT"
						},
						{
							"key": "Connection",
							"value": "keep-alive"
						},
						{
							"key": "Keep-Alive",
							"value": "timeout=5"
						}
					],
					"cookie": [],
					"body": "{\n    \"content\": \"hello\",\n    \"created_at\": 1651917393703,\n    \"updated_at\": null,\n    \"deleted_at\": 1651917612843\n}"
				}
			]
		},
		{
			"name": "메모 수정 API",
			"request": {
				"method": "PUT",
				"header": [],
				"body": {
					"mode": "raw",
					"raw": "{\r\n    \"content\":\"안녕하세요~~~!\"\r\n}",
					"options": {
						"raw": {
							"language": "json"
						}
					}
				},
				"url": {
					"raw": "{{url}}/:id",
					"host": [
						"{{url}}"
					],
					"path": [
						":id"
					],
					"variable": [
						{
							"key": "id",
							"value": "3"
						}
					]
				}
			},
			"response": [
				{
					"name": "잘 못 된 id",
					"originalRequest": {
						"method": "PUT",
						"header": [],
						"body": {
							"mode": "raw",
							"raw": "{\r\n    \"content\":\"안녕하세요!\"\r\n}",
							"options": {
								"raw": {
									"language": "json"
								}
							}
						},
						"url": {
							"raw": "{{url}}/:id",
							"host": [
								"{{url}}"
							],
							"path": [
								":id"
							],
							"variable": [
								{
									"key": "id",
									"value": null
								}
							]
						}
					},
					"status": "Bad Request",
					"code": 400,
					"_postman_previewlanguage": "json",
					"header": [
						{
							"key": "X-Powered-By",
							"value": "Express"
						},
						{
							"key": "Content-Type",
							"value": "application/json; charset=utf-8"
						},
						{
							"key": "Content-Length",
							"value": "34"
						},
						{
							"key": "ETag",
							"value": "W/\"22-6XeLRgsFGDbKsT3r/0tpUt10eSs\""
						},
						{
							"key": "Date",
							"value": "Sat, 07 May 2022 10:01:25 GMT"
						},
						{
							"key": "Connection",
							"value": "keep-alive"
						},
						{
							"key": "Keep-Alive",
							"value": "timeout=5"
						}
					],
					"cookie": [],
					"body": "{\n    \"msg\": \"잘 못 된 id입니다.\"\n}"
				},
				{
					"name": "이미 제거된 메모",
					"originalRequest": {
						"method": "PUT",
						"header": [],
						"body": {
							"mode": "raw",
							"raw": "{\r\n    \"content\":\"안녕하세요!\"\r\n}",
							"options": {
								"raw": {
									"language": "json"
								}
							}
						},
						"url": {
							"raw": "{{url}}/:id",
							"host": [
								"{{url}}"
							],
							"path": [
								":id"
							],
							"variable": [
								{
									"key": "id",
									"value": "3"
								}
							]
						}
					},
					"status": "Not Found",
					"code": 404,
					"_postman_previewlanguage": "json",
					"header": [
						{
							"key": "X-Powered-By",
							"value": "Express"
						},
						{
							"key": "Content-Type",
							"value": "application/json; charset=utf-8"
						},
						{
							"key": "Content-Length",
							"value": "43"
						},
						{
							"key": "ETag",
							"value": "W/\"2b-6ZPCKA4hbzHWTja9zI+Xm/7gV/o\""
						},
						{
							"key": "Date",
							"value": "Sat, 07 May 2022 10:01:50 GMT"
						},
						{
							"key": "Connection",
							"value": "keep-alive"
						},
						{
							"key": "Keep-Alive",
							"value": "timeout=5"
						}
					],
					"cookie": [],
					"body": "{\n    \"msg\": \"이미 제거된 메모입니다.\"\n}"
				},
				{
					"name": "메모 수정",
					"originalRequest": {
						"method": "PUT",
						"header": [],
						"body": {
							"mode": "raw",
							"raw": "{\r\n    \"content\":\"안녕하세요~~~!\"\r\n}",
							"options": {
								"raw": {
									"language": "json"
								}
							}
						},
						"url": {
							"raw": "{{url}}/:id",
							"host": [
								"{{url}}"
							],
							"path": [
								":id"
							],
							"variable": [
								{
									"key": "id",
									"value": "3"
								}
							]
						}
					},
					"status": "OK",
					"code": 200,
					"_postman_previewlanguage": "json",
					"header": [
						{
							"key": "X-Powered-By",
							"value": "Express"
						},
						{
							"key": "Content-Type",
							"value": "application/json; charset=utf-8"
						},
						{
							"key": "Content-Length",
							"value": "105"
						},
						{
							"key": "ETag",
							"value": "W/\"69-dE7ZNeNU3nX5eSNicrWgKT23DCE\""
						},
						{
							"key": "Date",
							"value": "Sat, 07 May 2022 10:02:55 GMT"
						},
						{
							"key": "Connection",
							"value": "keep-alive"
						},
						{
							"key": "Keep-Alive",
							"value": "timeout=5"
						}
					],
					"cookie": [],
					"body": "{\n    \"content\": \"안녕하세요~~~!\",\n    \"created_at\": 1651917743011,\n    \"updated_at\": 1651917775385,\n    \"deleted_at\": null\n}"
				}
			]
		},
		{
			"name": "임시 저장된 데이터 가져오기",
			"request": {
				"method": "GET",
				"header": [],
				"url": {
					"raw": "{{url}}/tmp",
					"host": [
						"{{url}}"
					],
					"path": [
						"tmp"
					]
				}
			},
			"response": [
				{
					"name": "임시 저장된 데이터 가져오기",
					"originalRequest": {
						"method": "GET",
						"header": [],
						"url": {
							"raw": "{{url}}/tmp",
							"host": [
								"{{url}}"
							],
							"path": [
								"tmp"
							]
						}
					},
					"status": "OK",
					"code": 200,
					"_postman_previewlanguage": "json",
					"header": [
						{
							"key": "X-Powered-By",
							"value": "Express"
						},
						{
							"key": "Content-Type",
							"value": "application/json; charset=utf-8"
						},
						{
							"key": "Content-Length",
							"value": "9"
						},
						{
							"key": "ETag",
							"value": "W/\"9-UCjHNNYeoxBxZWKc+tusZjBdQ+M\""
						},
						{
							"key": "Date",
							"value": "Sat, 07 May 2022 10:03:41 GMT"
						},
						{
							"key": "Connection",
							"value": "keep-alive"
						},
						{
							"key": "Keep-Alive",
							"value": "timeout=5"
						}
					],
					"cookie": [],
					"body": "{\n    \"rs\": \"\"\n}"
				}
			]
		},
		{
			"name": "데이터 임시 저장하기",
			"request": {
				"method": "POST",
				"header": [],
				"url": {
					"raw": "{{url}}/tmp",
					"host": [
						"{{url}}"
					],
					"path": [
						"tmp"
					]
				}
			},
			"response": [
				{
					"name": "데이터 임시 저장하기",
					"originalRequest": {
						"method": "POST",
						"header": [],
						"body": {
							"mode": "raw",
							"raw": "{\r\n    \"content\":\"임시 저장\"\r\n}",
							"options": {
								"raw": {
									"language": "json"
								}
							}
						},
						"url": {
							"raw": "{{url}}/tmp",
							"host": [
								"{{url}}"
							],
							"path": [
								"tmp"
							]
						}
					},
					"status": "OK",
					"code": 200,
					"_postman_previewlanguage": "json",
					"header": [
						{
							"key": "X-Powered-By",
							"value": "Express"
						},
						{
							"key": "Content-Type",
							"value": "application/json; charset=utf-8"
						},
						{
							"key": "Content-Length",
							"value": "11"
						},
						{
							"key": "ETag",
							"value": "W/\"b-rMxQLzf1YytlmpZl+KrlzOPrjek\""
						},
						{
							"key": "Date",
							"value": "Sat, 07 May 2022 10:04:40 GMT"
						},
						{
							"key": "Connection",
							"value": "keep-alive"
						},
						{
							"key": "Keep-Alive",
							"value": "timeout=5"
						}
					],
					"cookie": [],
					"body": "{\n    \"rs\": true\n}"
				},
				{
					"name": "body에 이상이 있는 경우",
					"originalRequest": {
						"method": "POST",
						"header": [],
						"url": {
							"raw": "{{url}}/tmp",
							"host": [
								"{{url}}"
							],
							"path": [
								"tmp"
							]
						}
					},
					"status": "Bad Request",
					"code": 400,
					"_postman_previewlanguage": "json",
					"header": [
						{
							"key": "X-Powered-By",
							"value": "Express"
						},
						{
							"key": "Content-Type",
							"value": "application/json; charset=utf-8"
						},
						{
							"key": "Content-Length",
							"value": "47"
						},
						{
							"key": "ETag",
							"value": "W/\"2f-/pqH7qQKQM6gehWYEez4BOplA78\""
						},
						{
							"key": "Date",
							"value": "Sat, 07 May 2022 10:05:13 GMT"
						},
						{
							"key": "Connection",
							"value": "keep-alive"
						},
						{
							"key": "Keep-Alive",
							"value": "timeout=5"
						}
					],
					"cookie": [],
					"body": "{\n    \"msg\": \"content가 올바르지 않습니다.\"\n}"
				}
			]
		},
		{
			"name": "메모 전체 제거 API",
			"request": {
				"method": "DELETE",
				"header": [],
				"url": {
					"raw": "{{url}}/",
					"host": [
						"{{url}}"
					],
					"path": [
						""
					]
				}
			},
			"response": [
				{
					"name": "메모 전체 제거 API",
					"originalRequest": {
						"method": "DELETE",
						"header": [],
						"url": {
							"raw": "{{url}}/",
							"host": [
								"{{url}}"
							],
							"path": [
								""
							]
						}
					},
					"status": "OK",
					"code": 200,
					"_postman_previewlanguage": "json",
					"header": [
						{
							"key": "X-Powered-By",
							"value": "Express"
						},
						{
							"key": "Content-Type",
							"value": "application/json; charset=utf-8"
						},
						{
							"key": "Content-Length",
							"value": "435"
						},
						{
							"key": "ETag",
							"value": "W/\"1b3-Cj/hzMh5JuALRU8UBZiToUHpCSA\""
						},
						{
							"key": "Date",
							"value": "Sat, 07 May 2022 10:06:09 GMT"
						},
						{
							"key": "Connection",
							"value": "keep-alive"
						},
						{
							"key": "Keep-Alive",
							"value": "timeout=5"
						}
					],
					"cookie": [],
					"body": "[\n    {\n        \"content\": \"안녕하세요! (수정됨)\",\n        \"created_at\": 1651916321797,\n        \"updated_at\": 1651916540790,\n        \"deleted_at\": 1651916611671\n    },\n    {\n        \"content\": \"안녕하세요!\",\n        \"created_at\": 1651916338013,\n        \"updated_at\": null,\n        \"deleted_at\": 1651916814904\n    },\n    {\n        \"content\": \"hello\",\n        \"created_at\": 1651917393703,\n        \"updated_at\": null,\n        \"deleted_at\": 1651917612843\n    },\n    {\n        \"content\": \"안녕하세요~~~!\",\n        \"created_at\": 1651917743011,\n        \"updated_at\": 1651917775385,\n        \"deleted_at\": 1651917969474\n    }\n]"
				}
			]
		}
	]
}